{"loss": [0.465312696347529, 0.35430798153481574, 0.2950297574144463, 0.25176035485232356, 0.22098806451604433, 0.20074286094096827], "accuracy": [0.8202369919237389, 0.852707533430425, 0.8832252085264134, 0.9046405401827089, 0.9181782073348338, 0.9283066331259102], "auc": [0.5998772124739518, 0.706893243154179, 0.7762974490557323, 0.8177090152409983, 0.8461576640320276, 0.8634362824832913], "precision": [0.2083867041694831, 0.4773619486207115, 0.6156235215135082, 0.7060638231894036, 0.7583860876496534, 0.7825598872721324], "recall": [0.23843675460052288, 0.2721573254346134, 0.3892165693679197, 0.4747647691370929, 0.5366634706102898, 0.5721155333337706], "hamming_score": [0.220541506686085, 0.2920473101195993, 0.3722582638245289, 0.42192947614634363, 0.4538704267619931, 0.47291363255218677], "hamming_loss": [0.3140226573961517, 0.2267936213719347, 0.1862066982548911, 0.15749946171632923, 0.13771636663202924, 0.1253482126976103], "f1": [0.34625729097473645, 0.4723146558519874, 0.5854512815836661, 0.6672562217063243, 0.716267179976113, 0.7481886477733981], "jac": [0.21649600101575636, 0.31979664502563787, 0.43051867267167476, 0.515455454403979, 0.5719743074739068, 0.6111964955663515], "valid_loss": [0.4303504526615143, 0.3605915606021881, 0.3310205638408661, 0.3232097327709198, 0.3277939260005951, 0.3237074911594391], "valid_accuracy": [0.8327154772937906, 0.8588198949644733, 0.8685511275872722, 0.8733395118937287, 0.8751930800123571, 0.8758109360518999], "valid_auc": [0.5895481921294284, 0.7312201493731996, 0.7650298805271163, 0.7748089646558631, 0.7795744908926419, 0.7870311574052553], "valid_precision": [0.2604732930034344, 0.48951639975517136, 0.5699992318144415, 0.6542908460730348, 0.6782214081208663, 0.6631300708329726], "valid_recall": [0.13301038524497158, 0.24278304673003923, 0.35338008407934063, 0.419832597333823, 0.43554283632595037, 0.4687071367580237], "valid_hamming_score": [0.23511996704767787, 0.30251776336113684, 0.35109669447018843, 0.3713572237668623, 0.37514159200906194, 0.3821697044588611], "valid_hamming_loss": [0.23301441976140788, 0.1893588339371472, 0.17712263194190914, 0.16797024929555052, 0.16250706009742144, 0.1626607439860452], "valid_f1": [0.32719902334442474, 0.5402141408024373, 0.5789571387494984, 0.6048653671322958, 0.6098044162326756, 0.6153396680793589], "valid_jac": [0.202048756729154, 0.38169066220870734, 0.41807460625451504, 0.4431463990716622, 0.44696224995120915, 0.45278351294560376]}