{"loss": [2.3080885558485185, 1.37568314191405, 1.019843567384098, 0.8299704563340398, 0.6767854038625956, 0.5859484599001138], "precision": [0.3856104639840466, 0.72810686197714, 0.7927893474457469, 0.8240255060802082, 0.8640032549705685, 0.891079772032425], "recall": [0.19346068024988416, 0.4961822715584545, 0.6872375626399481, 0.764346503691767, 0.8203167149076924, 0.8454459567285384], "hamming_score": [0.8104488078541374, 0.889446002805049, 0.9185483870967742, 0.9327138849929874, 0.9469495091164095, 0.9554347826086956], "hamming_loss": [0.18955119214586255, 0.11055399719495092, 0.0814516129032258, 0.06728611500701262, 0.05305049088359046, 0.04456521739130435], "f1": [0.19274952024004707, 0.5814701615327874, 0.7349131862389531, 0.7923193267118434, 0.8410334629471383, 0.8672470983997693], "jaccard": [0.110753094667867, 0.4243890881046475, 0.5915167044308316, 0.6657277169183367, 0.7337350652409648, 0.7721181292513511], "valid_loss": [2.226163148880005, 1.2807841300964355, 1.2390525341033936, 1.2188353538513184, 1.137277603149414, 1.1117736101150513], "valid_precision": [0.6125663129973474, 0.8044897654920807, 0.7732640885018238, 0.7695150322118827, 0.7907818860244233, 0.7576408374788681], "valid_recall": [0.126032009391882, 0.5418903018425312, 0.6362948891906668, 0.6483005920351821, 0.6828296694744198, 0.7205933171170997], "valid_hamming_score": [0.8636363636363636, 0.9074074074074074, 0.9116161616161617, 0.9141414141414141, 0.9205948372615039, 0.9191919191919192], "valid_hamming_loss": [0.13636363636363635, 0.09259259259259259, 0.08838383838383838, 0.08585858585858586, 0.07940516273849607, 0.08080808080808081], "valid_f1": [0.19672075223599172, 0.6377025703199684, 0.6817508710801393, 0.6918480748718607, 0.7249206174550413, 0.7343240014445997], "valid_jaccard": [0.12287002395599195, 0.48492988982107255, 0.5335934227063259, 0.5423620459824728, 0.5832523199292974, 0.5923549860117023]}